Invoice_Number,Amount,Date,Vendor,Department,Status
1001,3776.67,2024-11-08,Vendor_21,IT,Pending
1002,1602.15,2024-11-11,Vendor_24,Sales,Cancelled
1003,254.82,2024-02-24,Vendor_44,Marketing,Pending
1004,57.75,2024-12-21,Vendor_33,HR,Pending
1005,5271.33,2024-12-25,Vendor_49,IT,Cancelled
1006,4028.62,2024-12-16,Vendor_15,Marketing,Pending
1007,7862.5,2024-03-12,Vendor_3,Sales,Cancelled
1008,6819.06,2024-09-07,Vendor_18,HR,Paid
1009,9658.04,2024-02-26,Vendor_9,Marketing,Paid
1010,2347.39,2024-12-15,Vendor_7,HR,Paid
1011,8340.29,2024-03-14,Vendor_17,HR,Pending
1012,6642.1,2024-02-06,Vendor_42,HR,Pending
1013,361.57,2024-02-26,Vendor_44,Marketing,Pending
1014,8953.53,2024-08-14,Vendor_23,HR,Paid
1015,9613.66,2024-05-16,Vendor_45,Marketing,Cancelled
1016,8295.94,2024-10-25,Vendor_45,Sales,Paid
1017,8031.86,2024-01-25,Vendor_7,Sales,Paid
1018,2027.22,2024-08-11,Vendor_17,HR,Cancelled
1019,7912.25,2024-11-05,Vendor_42,IT,Pending
1020,1202.9,2024-07-09,Vendor_8,HR,Pending
1021,999.33,2024-07-23,Vendor_24,Sales,Cancelled
1022,5933.41,2024-06-27,Vendor_35,Sales,Cancelled
1023,1239.96,2024-03-01,Vendor_5,Marketing,Cancelled
1024,7721.12,2024-07-27,Vendor_9,IT,Cancelled
1025,1153.36,2024-12-13,Vendor_32,IT,Paid
1026,3177.84,2024-04-05,Vendor_23,IT,Paid
1027,5421.42,2024-04-13,Vendor_32,IT,Cancelled
1028,6963.11,2024-12-02,Vendor_42,Sales,Pending
1029,6352.37,2024-06-12,Vendor_44,HR,Pending
1030,8838.64,2024-10-23,Vendor_28,Sales,Cancelled
1031,9072.94,2024-01-25,Vendor_27,Marketing,Paid
1032,8189.25,2024-09-03,Vendor_39,Marketing,Cancelled
1033,4203.24,2024-05-01,Vendor_42,HR,Cancelled
1034,1724.5,2024-08-09,Vendor_49,Marketing,Paid
1035,2576.46,2024-12-07,Vendor_2,IT,Paid
1036,1523.46,2024-08-17,Vendor_49,Marketing,Pending
1037,4139.82,2024-07-05,Vendor_32,Sales,Paid
1038,2433.64,2024-02-21,Vendor_44,Marketing,Pending
1039,2458.45,2024-04-23,Vendor_11,HR,Cancelled
1040,2459.49,2024-06-24,Vendor_5,HR,Pending
1041,6353.62,2024-11-16,Vendor_16,Sales,Paid
1042,3241.76,2024-06-16,Vendor_29,IT,Cancelled
1043,2241.4,2024-10-03,Vendor_19,HR,Cancelled
1044,1784.95,2024-01-08,Vendor_39,Marketing,Paid
1045,6773.12,2024-09-25,Vendor_23,IT,Pending
1046,6973.05,2024-07-16,Vendor_26,HR,Paid
1047,5190.53,2024-01-02,Vendor_1,HR,Pending
1048,8977.3,2024-05-27,Vendor_9,Sales,Cancelled
1049,7018.56,2024-03-20,Vendor_24,Marketing,Paid
1051,6438.21,2024-11-17,Vendor_8,HR,Pending
1052,6706.43,2024-03-16,Vendor_25,IT,Paid
1053,100.36,2024-02-02,Vendor_35,HR,Paid
1054,2281.48,2024-01-04,Vendor_33,Marketing,Paid
1055,1829.29,2024-08-08,Vendor_7,IT,Paid
1056,3115.2,2024-12-27,Vendor_22,IT,Pending
1057,2477.7,2024-06-06,Vendor_45,IT,Pending
1058,9065.68,2024-11-02,Vendor_21,Marketing,Paid
1059,5790.19,2024-01-05,Vendor_48,IT,Cancelled
1060,7697.11,2024-01-12,Vendor_28,Marketing,Paid
1061,2831.63,2024-06-03,Vendor_41,Sales,Paid
1062,4310.43,2024-05-03,Vendor_33,HR,Cancelled
1063,3091.69,2024-07-01,Vendor_3,HR,Pending
1064,5590.17,2024-06-26,Vendor_3,HR,Pending
1065,1016.91,2024-06-23,Vendor_2,IT,Cancelled
1066,2988.14,2024-10-17,Vendor_40,Sales,Paid
1067,7039.72,2024-07-10,Vendor_26,IT,Pending
1068,8677.37,2024-12-26,Vendor_7,Sales,Paid
1069,1983.03,2024-08-14,Vendor_16,Marketing,Cancelled
1070,3413.05,2024-12-02,Vendor_2,HR,Cancelled
1071,6736.66,2024-03-25,Vendor_22,Marketing,Pending
1072,353.48,2024-04-10,Vendor_6,IT,Pending
1073,5393.97,2024-05-01,Vendor_8,Sales,Paid
1074,4599.79,2024-06-13,Vendor_32,HR,Pending
1075,5429.32,2024-07-08,Vendor_16,Sales,Pending
1076,5187.19,2024-03-17,Vendor_19,HR,Pending
1077,830.64,2024-05-26,Vendor_23,IT,Paid
1078,6900.57,2024-01-26,Vendor_1,IT,Pending
1079,2435.88,2024-06-16,Vendor_25,HR,Paid
1080,2835.34,2024-07-05,Vendor_22,Sales,Cancelled
1081,524.78,2024-10-16,Vendor_37,Marketing,Paid
1082,3451.7,2024-12-05,Vendor_47,Sales,Pending
1083,8561.83,2024-04-05,Vendor_12,HR,Pending
1084,7645.48,2024-05-07,Vendor_36,Sales,Pending
1085,4366.82,2024-07-26,Vendor_10,Marketing,Paid
1086,8872.47,2024-04-10,Vendor_19,Marketing,Paid
1087,5416.81,2024-04-16,Vendor_24,HR,Cancelled
1088,9445.3,2024-12-27,Vendor_20,HR,Pending
1089,5755.0,2024-01-01,Vendor_43,Sales,Cancelled
1090,8213.25,2024-08-10,Vendor_43,HR,Paid
1091,740.14,2024-02-19,Vendor_35,IT,Paid
1092,6574.44,2024-10-10,Vendor_26,Marketing,Pending
1093,2643.91,2024-07-04,Vendor_45,IT,Paid
1094,439.9,2024-09-21,Vendor_36,Marketing,Paid
1095,7518.62,2024-03-17,Vendor_35,HR,Pending
1096,2537.66,2024-08-23,Vendor_32,Sales,Paid
1097,6814.46,2024-07-25,Vendor_35,Sales,Pending
1098,9030.4,2024-04-16,Vendor_25,Marketing,Paid
1099,8960.46,2024-01-04,Vendor_12,Sales,Paid
1101,8479.07,2024-09-07,Vendor_28,Marketing,Cancelled
1102,9508.54,2024-03-26,Vendor_47,HR,Paid
1103,962.46,2024-12-25,Vendor_21,HR,Paid
1104,7926.21,2024-09-07,Vendor_45,Sales,Pending
1105,9743.77,2024-10-05,Vendor_35,IT,Paid
1106,3541.6,2024-02-15,Vendor_12,Sales,Pending
1107,8377.79,2024-01-06,Vendor_7,Marketing,Paid
1108,2264.64,2024-09-18,Vendor_27,Marketing,Pending
1109,859.42,2024-05-06,Vendor_19,HR,Paid
1110,3737.89,2024-04-17,Vendor_7,Sales,Paid
1111,7546.11,2024-06-19,Vendor_44,Marketing,Cancelled
1112,4271.01,2024-10-19,Vendor_39,Marketing,Cancelled
1113,2574.14,2024-02-26,Vendor_20,HR,Paid
1114,8236.76,2024-07-01,Vendor_3,Sales,Pending
1115,4032.22,2024-12-17,Vendor_25,HR,Paid
1116,2274.78,2024-06-26,Vendor_44,Sales,Paid
1117,479.44,2024-05-16,Vendor_21,IT,Paid
1118,2567.25,2024-03-20,Vendor_18,IT,Paid
1119,2207.25,2024-01-21,Vendor_3,HR,Cancelled
1120,502.19,2024-12-10,Vendor_32,HR,Pending
1121,4583.78,2024-12-21,Vendor_8,Marketing,Pending
1122,3913.27,2024-12-18,Vendor_28,HR,Paid
1123,9745.23,2024-11-22,Vendor_17,Sales,Paid
1124,4141.51,2024-12-16,Vendor_29,Sales,Pending
1125,808.19,2024-06-18,Vendor_5,IT,Paid
1126,4211.52,2024-08-18,Vendor_45,Sales,Cancelled
1127,4141.99,2024-06-01,Vendor_18,HR,Cancelled
1128,1546.65,2024-05-26,Vendor_25,Marketing,Cancelled
1129,8429.08,2024-01-02,Vendor_41,IT,Cancelled
1130,2770.4,2024-07-06,Vendor_28,Sales,Paid
1131,9997.19,2024-06-03,Vendor_23,Sales,Paid
1132,9450.42,2024-10-19,Vendor_17,Sales,Pending
1133,2090.2,2024-01-19,Vendor_45,Sales,Pending
1134,8788.3,2024-08-02,Vendor_28,IT,Cancelled
1135,6732.15,2024-02-22,Vendor_3,IT,Pending
1136,8529.21,2024-06-12,Vendor_5,Marketing,Pending
1137,7928.59,2024-01-16,Vendor_47,IT,Cancelled
1138,7857.45,2024-02-11,Vendor_39,Marketing,Pending
1139,3538.35,2024-02-18,Vendor_30,IT,Cancelled
1140,955.47,2024-02-20,Vendor_38,Sales,Cancelled
1141,3995.6,2024-07-10,Vendor_17,Sales,Paid
1142,1513.38,2024-08-17,Vendor_10,Sales,Paid
1143,9801.32,2024-05-02,Vendor_13,Marketing,Cancelled
1144,5817.52,2024-11-19,Vendor_47,Sales,Cancelled
1145,1324.06,2024-11-22,Vendor_16,HR,Paid
1146,8973.04,2024-03-27,Vendor_29,HR,Pending
1147,6039.26,2024-03-19,Vendor_21,Sales,Pending
1148,2821.97,2024-06-21,Vendor_6,Sales,Paid
1149,4634.75,2024-10-14,Vendor_34,Sales,Pending
1150,3334.49,2024-11-09,Vendor_26,Sales,Cancelled
1151,6297.61,2024-08-11,Vendor_48,Sales,Paid
1152,2804.93,2024-01-08,Vendor_49,IT,Paid
1153,9863.26,2024-08-22,Vendor_14,Marketing,Cancelled
1154,5336.09,2024-02-13,Vendor_26,Marketing,Cancelled
1155,2561.75,2024-07-03,Vendor_47,IT,Pending
1156,7508.68,2024-12-13,Vendor_18,Marketing,Pending
1157,5349.54,2024-09-23,Vendor_37,HR,Pending
1158,5661.45,2024-01-07,Vendor_22,Marketing,Pending
1159,1241.63,2024-01-13,Vendor_20,Sales,Pending
1160,7902.25,2024-02-15,Vendor_36,IT,Pending
1161,5889.07,2024-08-08,Vendor_49,HR,Cancelled
1162,3818.79,2024-05-06,Vendor_26,HR,Pending
1163,2481.31,2024-11-13,Vendor_6,Sales,Paid
1164,2410.41,2024-06-21,Vendor_6,Marketing,Cancelled
1165,4903.71,2024-11-24,Vendor_9,IT,Cancelled
1166,5268.89,2024-08-05,Vendor_36,HR,Cancelled
1167,8971.27,2024-04-11,Vendor_4,IT,Pending
1168,9751.92,2024-08-06,Vendor_2,IT,Cancelled
1169,5737.55,2024-03-13,Vendor_44,Sales,Pending
1170,9681.54,2024-04-19,Vendor_20,Sales,Paid
1171,5321.91,2024-01-26,Vendor_14,HR,Pending
1172,5833.32,2024-11-04,Vendor_13,IT,Cancelled
1173,565.64,2024-02-24,Vendor_10,Sales,Cancelled
1174,5511.77,2024-02-13,Vendor_40,Marketing,Paid
1175,1431.31,2024-09-17,Vendor_9,IT,Cancelled
1176,4742.18,2024-07-03,Vendor_30,IT,Paid
1177,8514.74,2024-12-12,Vendor_14,Sales,Cancelled
1178,9386.49,2024-12-03,Vendor_35,Sales,Pending
1179,528.54,2024-08-11,Vendor_41,Sales,Pending
1180,8005.39,2024-03-21,Vendor_37,Sales,Cancelled
1181,6668.71,2024-10-04,Vendor_25,Sales,Pending
1182,3954.83,2024-08-08,Vendor_39,HR,Pending
1183,9001.69,2024-06-01,Vendor_23,IT,Cancelled
1184,5795.99,2024-01-01,Vendor_47,IT,Pending
1185,5458.35,2024-08-08,Vendor_39,IT,Pending
1186,9401.33,2024-07-19,Vendor_8,Marketing,Cancelled
1187,8792.36,2024-01-20,Vendor_30,IT,Cancelled
1188,7896.54,2024-06-25,Vendor_33,Sales,Paid
1189,7796.79,2024-01-04,Vendor_22,Marketing,Pending
1190,4965.12,2024-10-01,Vendor_38,Sales,Cancelled
1191,3819.27,2024-08-20,Vendor_15,Sales,Paid
1192,4889.26,2024-04-12,Vendor_45,Marketing,Cancelled
1193,6429.42,2024-03-04,Vendor_36,Marketing,Cancelled
1194,6010.34,2024-04-11,Vendor_10,HR,Pending
1195,2312.14,2024-07-15,Vendor_26,Marketing,Cancelled
1196,1575.85,2024-08-18,Vendor_25,Sales,Cancelled
1197,7274.65,2024-11-12,Vendor_44,HR,Paid
1198,9228.87,2024-08-10,Vendor_49,HR,Cancelled
1199,6086.81,2024-06-19,Vendor_29,Marketing,Paid
1201,9259.41,2024-07-01,Vendor_46,Sales,Paid
1202,1696.93,2024-04-22,Vendor_23,Sales,Paid
1203,8705.47,2024-07-19,Vendor_40,IT,Paid
1204,3824.09,2024-05-09,Vendor_10,HR,Paid
1205,96.09,2024-09-03,Vendor_25,Marketing,Cancelled
1206,9233.45,2024-07-18,Vendor_27,Marketing,Cancelled
1207,4549.57,2024-11-27,Vendor_44,IT,Cancelled
1208,2519.85,2024-09-07,Vendor_6,Sales,Paid
1209,3655.82,2024-11-22,Vendor_26,HR,Pending
1210,6652.2,2024-07-17,Vendor_20,Sales,Paid
1211,5595.19,2024-06-08,Vendor_49,IT,Paid
1212,3133.87,2024-07-19,Vendor_19,Marketing,Pending
1213,1947.34,2024-08-19,Vendor_18,Sales,Pending
1214,7154.89,2024-02-02,Vendor_28,Sales,Pending
1215,4995.27,2024-03-04,Vendor_1,HR,Paid
1216,801.26,2024-03-10,Vendor_10,IT,Pending
1217,5289.46,2024-01-23,Vendor_28,HR,Pending
1218,8676.59,2024-08-01,Vendor_3,HR,Cancelled
1219,6735.33,2024-08-22,Vendor_47,Sales,Cancelled
1220,8880.23,2024-12-15,Vendor_8,Marketing,Cancelled
1221,2469.56,2024-08-14,Vendor_43,HR,Paid
1222,1453.76,2024-07-16,Vendor_18,IT,Pending
1223,900.81,2024-07-21,Vendor_19,HR,Paid
1224,8770.62,2024-12-18,Vendor_2,Sales,Cancelled
1225,6266.37,2024-11-10,Vendor_2,IT,Cancelled
1226,390.57,2024-04-05,Vendor_37,Marketing,Pending
1227,3659.44,2024-05-12,Vendor_35,HR,Pending
1228,7647.88,2024-08-17,Vendor_10,Marketing,Cancelled
1229,8950.79,2024-01-18,Vendor_17,Marketing,Paid
1230,5439.26,2024-09-07,Vendor_9,Marketing,Pending
1231,8357.56,2024-04-26,Vendor_29,Sales,Pending
1232,2759.46,2024-11-06,Vendor_18,HR,Paid
1233,8159.79,2024-09-06,Vendor_34,Sales,Paid
1234,6531.63,2024-10-12,Vendor_23,Sales,Pending
1235,1443.18,2024-11-25,Vendor_31,Marketing,Cancelled
1236,5994.26,2024-12-13,Vendor_7,Marketing,Paid
1237,8389.16,2024-05-26,Vendor_46,HR,Pending
1238,1704.52,2024-11-01,Vendor_36,IT,Pending
1239,729.08,2024-11-08,Vendor_11,HR,Paid
1240,7229.25,2024-08-03,Vendor_34,IT,Cancelled
1241,9543.17,2024-06-05,Vendor_33,Marketing,Cancelled
1242,2659.53,2024-03-20,Vendor_43,Sales,Pending
1243,9554.6,2024-11-02,Vendor_9,Marketing,Pending
1244,1110.65,2024-09-08,Vendor_17,Sales,Paid
1245,7064.01,2024-08-10,Vendor_25,IT,Cancelled
1246,8200.07,2024-05-12,Vendor_44,IT,Pending
1247,102.28,2024-12-19,Vendor_37,HR,Cancelled
1248,9177.27,2024-01-10,Vendor_49,IT,Pending
1249,9583.8,2024-03-08,Vendor_31,Sales,Paid
1250,6604.89,2024-06-16,Vendor_6,HR,Paid
1251,9038.47,2024-12-15,Vendor_26,Sales,Paid
1252,6715.68,2024-10-16,Vendor_7,Sales,Cancelled
1253,5580.28,2024-06-26,Vendor_7,Marketing,Cancelled
1254,6989.33,2024-09-19,Vendor_48,HR,Pending
1255,4246.54,2024-02-20,Vendor_39,IT,Pending
1256,5248.22,2024-07-17,Vendor_14,IT,Cancelled
1257,5628.74,2024-02-03,Vendor_37,IT,Pending
1258,7261.43,2024-12-07,Vendor_15,HR,Paid
1259,5407.09,2024-06-25,Vendor_13,Marketing,Paid
1260,8865.48,2024-10-12,Vendor_2,IT,Cancelled
1261,8707.48,2024-11-23,Vendor_13,Sales,Pending
1262,9393.72,2024-03-27,Vendor_39,Marketing,Paid
1263,7683.52,2024-05-12,Vendor_16,HR,Cancelled
1264,4012.96,2024-09-07,Vendor_20,Sales,Paid
1265,2425.83,2024-03-13,Vendor_14,HR,Pending
1266,8535.58,2024-02-05,Vendor_25,HR,Paid
1267,9107.87,2024-09-15,Vendor_49,Sales,Cancelled
1268,9502.11,2024-05-11,Vendor_6,IT,Cancelled
1269,9450.08,2024-11-13,Vendor_34,Sales,Cancelled
1270,9912.13,2024-11-08,Vendor_20,Sales,Cancelled
1271,2344.16,2024-03-13,Vendor_46,Marketing,Cancelled
1272,1806.45,2024-10-09,Vendor_49,Marketing,Cancelled
1273,8270.75,2024-05-05,Vendor_47,IT,Paid
1274,5206.69,2024-04-26,Vendor_49,Sales,Cancelled
1275,3992.61,2024-02-18,Vendor_17,HR,Cancelled
1276,8167.54,2024-06-13,Vendor_47,Sales,Paid
1277,8954.47,2024-05-02,Vendor_11,Sales,Cancelled
1278,2765.95,2024-09-03,Vendor_25,Marketing,Pending
1279,8104.68,2024-08-25,Vendor_5,IT,Cancelled
1280,2849.84,2024-12-15,Vendor_38,HR,Cancelled
1281,7248.03,2024-10-18,Vendor_6,Sales,Paid
1282,8950.08,2024-01-18,Vendor_40,Sales,Pending
1283,5944.46,2024-10-03,Vendor_40,Marketing,Cancelled
1284,8651.7,2024-01-06,Vendor_24,IT,Paid
1285,1615.54,2024-09-13,Vendor_43,Sales,Paid
1286,9304.4,2024-04-27,Vendor_38,HR,Cancelled
1287,8822.29,2024-10-25,Vendor_31,IT,Pending
1288,1332.26,2024-11-21,Vendor_30,IT,Cancelled
1289,61.15,2024-02-14,Vendor_13,Sales,Cancelled
1290,1971.67,2024-11-17,Vendor_41,Sales,Cancelled
1291,3798.12,2024-08-13,Vendor_35,HR,Pending
1292,2869.26,2024-07-10,Vendor_41,HR,Pending
1293,3451.63,2024-12-15,Vendor_30,Sales,Paid
1294,7898.63,2024-04-04,Vendor_4,IT,Paid
1295,7721.29,2024-01-10,Vendor_1,Marketing,Pending
1296,793.21,2024-02-18,Vendor_14,HR,Cancelled
1297,9690.33,2024-04-27,Vendor_35,HR,Paid
1298,3866.94,2024-11-01,Vendor_6,IT,Cancelled
1299,8196.92,2024-11-26,Vendor_23,Marketing,Pending
1301,2772.59,2024-04-17,Vendor_35,Sales,Paid
1302,1678.06,2024-07-11,Vendor_32,Marketing,Cancelled
1303,6820.97,2024-06-11,Vendor_27,IT,Paid
1304,9634.2,2024-08-21,Vendor_47,HR,Paid
1305,6403.33,2024-06-19,Vendor_5,IT,Cancelled
1306,4122.87,2024-12-06,Vendor_15,Marketing,Paid
1307,2043.57,2024-01-25,Vendor_24,HR,Pending
1308,8650.36,2024-11-08,Vendor_46,Sales,Paid
1309,957.09,2024-08-15,Vendor_27,Marketing,Pending
1310,7622.19,2024-03-12,Vendor_24,HR,Pending
1311,6185.67,2024-09-14,Vendor_7,Sales,Pending
1312,6871.37,2024-04-09,Vendor_38,HR,Paid
1313,1650.21,2024-06-22,Vendor_2,HR,Cancelled
1314,9844.3,2024-01-08,Vendor_21,Marketing,Pending
1315,3955.31,2024-06-11,Vendor_45,Sales,Paid
1316,9528.85,2024-09-08,Vendor_11,Marketing,Cancelled
1317,1094.06,2024-01-12,Vendor_46,HR,Cancelled
1318,5013.94,2024-06-20,Vendor_33,Marketing,Pending
1319,3298.29,2024-02-01,Vendor_33,Sales,Paid
1320,870.96,2024-04-26,Vendor_22,IT,Pending
1321,9775.79,2024-10-14,Vendor_15,Marketing,Pending
1322,1716.45,2024-01-08,Vendor_11,Sales,Cancelled
1323,8967.4,2024-09-06,Vendor_9,IT,Cancelled
1324,5435.9,2024-02-12,Vendor_8,HR,Pending
1325,6271.78,2024-04-15,Vendor_7,IT,Pending
1326,8182.11,2024-10-03,Vendor_41,HR,Pending
1327,4414.14,2024-02-22,Vendor_12,IT,Paid
1328,4818.83,2024-03-26,Vendor_19,IT,Pending
1329,3402.11,2024-08-23,Vendor_32,IT,Pending
1330,257.57,2024-03-22,Vendor_37,HR,Paid
1331,4958.1,2024-12-10,Vendor_35,Sales,Paid
1332,4213.08,2024-01-07,Vendor_12,Sales,Pending
1333,9609.77,2024-10-24,Vendor_20,Sales,Pending
1334,9877.11,2024-08-18,Vendor_49,IT,Paid
1335,4414.22,2024-05-02,Vendor_36,Marketing,Cancelled
1336,9011.98,2024-06-07,Vendor_42,IT,Cancelled
1337,2874.35,2024-12-03,Vendor_45,Marketing,Paid
1338,7344.47,2024-03-26,Vendor_8,HR,Pending
1339,1837.85,2024-12-14,Vendor_14,Marketing,Cancelled
1340,4159.66,2024-06-13,Vendor_41,Marketing,Pending
1341,8713.96,2024-08-07,Vendor_25,HR,Pending
1342,997.85,2024-01-27,Vendor_25,Sales,Pending
1343,8586.96,2024-05-01,Vendor_40,HR,Paid
1344,2408.43,2024-11-10,Vendor_3,Marketing,Pending
1345,3342.35,2024-10-12,Vendor_30,Sales,Paid
1346,4521.87,2024-08-11,Vendor_12,Sales,Paid
1347,1712.07,2024-04-25,Vendor_43,Sales,Cancelled
1348,6654.86,2024-05-17,Vendor_49,HR,Cancelled
1349,8689.3,2024-12-27,Vendor_20,Marketing,Pending
1350,618.01,2024-05-20,Vendor_26,Sales,Paid
1351,1264.99,2024-06-05,Vendor_5,Sales,Paid
1352,5867.47,2024-12-10,Vendor_20,Sales,Pending
1353,9652.93,2024-11-02,Vendor_25,Marketing,Paid
1354,8685.79,2024-08-15,Vendor_43,Marketing,Cancelled
1355,6685.3,2024-04-23,Vendor_45,HR,Pending
1356,2058.44,2024-07-08,Vendor_21,Sales,Cancelled
1357,6742.39,2024-06-05,Vendor_47,Marketing,Cancelled
1358,6941.63,2024-07-23,Vendor_26,IT,Pending
1359,224.28,2024-02-17,Vendor_26,HR,Cancelled
1360,5727.57,2024-12-27,Vendor_8,Sales,Pending
1361,9190.84,2024-01-19,Vendor_31,HR,Pending
1362,3968.95,2024-05-09,Vendor_26,Marketing,Pending
1363,9994.17,2024-06-09,Vendor_33,Sales,Paid
1364,8714.0,2024-09-21,Vendor_13,IT,Paid
1365,1135.64,2024-02-06,Vendor_46,HR,Pending
1366,4409.81,2024-02-18,Vendor_13,Sales,Cancelled
1367,4384.05,2024-11-01,Vendor_24,Marketing,Pending
1368,6508.29,2024-05-15,Vendor_1,HR,Pending
1369,3991.92,2024-05-19,Vendor_29,Sales,Paid
1370,2413.56,2024-01-03,Vendor_44,Marketing,Pending
1371,5891.26,2024-08-14,Vendor_14,Marketing,Pending
1372,4661.77,2024-03-21,Vendor_26,HR,Pending
1373,4817.86,2024-05-26,Vendor_25,HR,Paid
1374,4018.29,2024-05-15,Vendor_44,HR,Cancelled
1375,3973.93,2024-07-06,Vendor_46,Marketing,Cancelled
1376,5236.28,2024-05-23,Vendor_43,IT,Cancelled
1377,759.24,2024-09-04,Vendor_11,IT,Cancelled
1378,2011.68,2024-06-19,Vendor_34,Marketing,Paid
1379,6192.65,2024-05-20,Vendor_46,IT,Paid
1380,8040.11,2024-03-08,Vendor_16,Marketing,Pending
1381,7175.7,2024-01-13,Vendor_4,Marketing,Paid
1382,5248.69,2024-07-12,Vendor_10,IT,Paid
1383,1886.62,2024-08-17,Vendor_42,Sales,Pending
1384,9181.64,2024-04-04,Vendor_7,Marketing,Paid
1385,3766.42,2024-10-15,Vendor_13,IT,Pending
1386,8200.93,2024-06-09,Vendor_26,Sales,Cancelled
1387,6129.26,2024-10-25,Vendor_42,HR,Paid
1388,2406.86,2024-05-04,Vendor_24,IT,Cancelled
1389,6692.12,2024-02-19,Vendor_36,Marketing,Paid
1390,4268.25,2024-05-15,Vendor_49,IT,Pending
1391,4755.28,2024-05-17,Vendor_22,HR,Paid
1392,6437.62,2024-12-07,Vendor_32,IT,Pending
1393,2605.99,2024-09-25,Vendor_2,HR,Cancelled
1394,5990.62,2024-02-03,Vendor_42,Marketing,Paid
1395,7190.1,2024-01-11,Vendor_39,HR,Pending
1396,1085.89,2024-10-06,Vendor_42,HR,Cancelled
1397,7737.6,2024-04-08,Vendor_37,Sales,Cancelled
1398,4041.82,2024-01-27,Vendor_6,Sales,Cancelled
1399,740.77,2024-01-02,Vendor_5,HR,Cancelled
1400,6419.67,2024-08-06,Vendor_8,Marketing,Cancelled
1401,5352.93,2024-10-03,Vendor_22,Marketing,Pending
1402,9941.69,2024-02-06,Vendor_17,IT,Pending
1403,4491.21,2024-04-08,Vendor_22,HR,Pending
1404,9578.37,2024-09-23,Vendor_16,Marketing,Pending
1405,4255.76,2024-07-16,Vendor_12,Sales,Cancelled
1406,9275.42,2024-07-19,Vendor_40,Marketing,Paid
1407,7384.94,2024-08-12,Vendor_1,Sales,Pending
1408,5233.53,2024-06-22,Vendor_18,HR,Cancelled
1409,8653.63,2024-05-16,Vendor_12,Marketing,Pending
1410,677.93,2024-04-01,Vendor_23,Marketing,Paid
1411,3633.36,2024-05-02,Vendor_27,Sales,Paid
1412,5121.76,2024-03-20,Vendor_23,Marketing,Pending
1413,5181.01,2024-03-22,Vendor_43,IT,Pending
1414,5687.42,2024-04-10,Vendor_12,IT,Paid
1415,1207.85,2024-02-13,Vendor_35,Marketing,Pending
1416,8687.16,2024-06-03,Vendor_16,IT,Pending
1417,855.15,2024-05-03,Vendor_2,IT,Pending
1418,2274.96,2024-04-18,Vendor_10,Sales,Pending
1419,1368.62,2024-06-01,Vendor_36,IT,Pending
1420,1435.02,2024-06-14,Vendor_3,IT,Paid
1421,8260.75,2024-05-02,Vendor_8,Sales,Pending
1422,5085.77,2024-04-13,Vendor_12,HR,Paid
1423,9367.67,2024-04-18,Vendor_29,HR,Cancelled
1424,6426.22,2024-11-02,Vendor_23,IT,Cancelled
1425,660.43,2024-03-02,Vendor_10,Sales,Pending
1426,4871.79,2024-02-24,Vendor_15,Sales,Cancelled
1427,2429.84,2024-03-21,Vendor_9,HR,Pending
1428,2690.6,2024-07-16,Vendor_16,HR,Paid
1429,5118.75,2024-07-08,Vendor_17,Sales,Cancelled
1430,2246.99,2024-04-04,Vendor_38,IT,Pending
1431,1350.57,2024-04-03,Vendor_7,IT,Pending
1432,8284.0,2024-05-22,Vendor_5,Marketing,Cancelled
1433,4190.73,2024-11-21,Vendor_38,IT,Paid
1434,7614.88,2024-10-24,Vendor_39,Sales,Paid
1435,3268.83,2024-10-18,Vendor_45,Sales,Paid
1436,8025.29,2024-04-17,Vendor_35,Sales,Cancelled
1437,4571.05,2024-04-23,Vendor_26,Marketing,Pending
1438,3280.53,2024-12-18,Vendor_40,IT,Paid
1439,6160.11,2024-06-10,Vendor_21,Marketing,Paid
1440,1374.79,2024-01-24,Vendor_9,Sales,Paid
1441,8098.39,2024-01-10,Vendor_40,Sales,Cancelled
1442,4979.75,2024-08-27,Vendor_22,HR,Paid
1443,6158.64,2024-12-23,Vendor_24,Sales,Cancelled
1444,1101.65,2024-12-01,Vendor_23,Sales,Paid
1445,428.32,2024-07-11,Vendor_1,Sales,Cancelled
1446,759.0,2024-08-17,Vendor_5,HR,Paid
1447,3906.57,2024-04-11,Vendor_15,IT,Cancelled
1448,7849.23,2024-03-11,Vendor_5,Sales,Pending
1449,8313.82,2024-08-10,Vendor_38,IT,Paid
1450,2989.68,2024-08-25,Vendor_9,Marketing,Cancelled
1451,2096.59,2024-01-04,Vendor_4,Marketing,Paid
1452,6456.85,2024-10-23,Vendor_10,Sales,Cancelled
1453,9800.7,2024-06-13,Vendor_32,IT,Pending
1454,1324.55,2024-01-08,Vendor_18,IT,Paid
1455,3753.06,2024-11-14,Vendor_25,Marketing,Pending
1456,2774.22,2024-04-21,Vendor_44,HR,Cancelled
1457,8874.9,2024-08-21,Vendor_35,Marketing,Pending
1458,8620.63,2024-01-12,Vendor_41,IT,Pending
1459,6378.9,2024-05-08,Vendor_46,HR,Pending
1460,7775.65,2024-12-11,Vendor_22,Marketing,Cancelled
1461,2729.85,2024-12-13,Vendor_18,Marketing,Paid
1462,6868.72,2024-04-27,Vendor_31,IT,Cancelled
1463,1549.23,2024-12-13,Vendor_22,IT,Paid
1464,5923.96,2024-08-03,Vendor_19,IT,Paid
1465,982.88,2024-12-15,Vendor_25,HR,Paid
1466,1642.71,2024-10-26,Vendor_16,HR,Paid
1467,7430.04,2024-03-01,Vendor_4,HR,Cancelled
1468,4044.87,2024-10-02,Vendor_43,Sales,Pending
1469,7436.36,2024-07-27,Vendor_27,Marketing,Paid
1470,3783.84,2024-09-20,Vendor_36,Marketing,Pending
1471,7621.86,2024-06-12,Vendor_17,Marketing,Pending
1472,7507.98,2024-05-25,Vendor_20,IT,Cancelled
1473,8427.61,2024-06-24,Vendor_19,Sales,Pending
1474,3714.68,2024-04-20,Vendor_10,HR,Pending
1475,5950.79,2024-05-06,Vendor_21,Marketing,Cancelled
1476,82.02,2024-06-14,Vendor_4,HR,Paid
1477,3907.35,2024-01-23,Vendor_7,HR,Paid
1478,6441.14,2024-08-05,Vendor_16,Marketing,Cancelled
1479,7044.29,2024-08-24,Vendor_34,Marketing,Pending
1480,6041.35,2024-12-19,Vendor_49,IT,Pending
1481,1532.55,2024-08-13,Vendor_12,Marketing,Pending
1482,7091.43,2024-04-19,Vendor_48,Sales,Pending
1483,3315.52,2024-07-01,Vendor_18,IT,Paid
1484,6002.34,2024-11-15,Vendor_11,Sales,Pending
1485,6443.52,2024-01-06,Vendor_4,HR,Cancelled
1486,1227.45,2024-06-15,Vendor_14,HR,Cancelled
1487,7412.86,2024-10-16,Vendor_5,Sales,Paid
1488,9797.48,2024-03-13,Vendor_43,Sales,Pending
1489,8325.39,2024-06-17,Vendor_45,IT,Paid
1490,608.55,2024-03-14,Vendor_26,IT,Paid
1491,8427.24,2024-05-20,Vendor_49,Sales,Pending
1492,9376.67,2024-04-06,Vendor_26,HR,Pending
1493,7293.0,2024-02-03,Vendor_1,HR,Paid
1494,119.94,2024-09-22,Vendor_46,HR,Paid
1495,7526.18,2024-08-25,Vendor_36,Sales,Pending
1496,2863.32,2024-10-22,Vendor_28,IT,Cancelled
1497,2792.34,2024-08-10,Vendor_16,HR,Pending
1498,4317.42,2024-09-13,Vendor_6,HR,Paid
1499,4901.33,2024-08-11,Vendor_20,Marketing,Pending
1500,5641.83,2024-05-04,Vendor_33,IT,Cancelled
1501,909.92,2024-02-24,Vendor_11,HR,Cancelled
1502,8827.25,2024-05-10,Vendor_26,HR,Pending
1503,7321.67,2024-10-21,Vendor_18,Sales,Cancelled
1504,7265.3,2024-05-24,Vendor_49,IT,Cancelled
